age,job,marital,education,default,housing,loan,contact,month,day_of_week,duration,campaign,pdays,previous,poutcome,emp.var.rate,cons.price.idx,cons.conf.idx,euribor3m,nr.employed,y,name,id
45,blue-collar,married,basic.4y,unknown,yes,no,telephone,jun,mon,107,2,999,0,nonexistent,1.4,94.465,-41.8,4.96,5228.1,no,Chris Martinez,MFPEVZPG
55,retired,married,basic.4y,unknown,no,yes,cellular,jul,tue,599,4,999,0,nonexistent,1.4,93.918,-42.7,4.961,5228.1,no,Chris Davis,7ZWJ2XX8
54,admin.,married,high.school,unknown,yes,no,telephone,jun,mon,490,12,999,0,nonexistent,1.4,94.465,-41.8,4.865,5228.1,no,David Martinez,CFTETRM2
45,services,married,high.school,unknown,yes,no,cellular,aug,wed,100,2,999,0,nonexistent,1.4,93.444,-36.1,4.964,5228.1,no,Emily Hernandez,LC1HA5BW
54,management,married,university.degree,unknown,no,yes,telephone,jun,mon,140,4,999,0,nonexistent,1.4,94.465,-41.8,4.865,5228.1,no,Jane Jones,ZIBDCI69
31,blue-collar,married,basic.9y,unknown,yes,yes,telephone,may,mon,88,6,999,0,nonexistent,1.1,93.994,-36.4,4.858,5191.0,no,Jane Smith,HFBQKF0I
45,blue-collar,single,basic.4y,unknown,yes,no,cellular,jul,tue,115,5,999,0,nonexistent,1.4,93.918,-42.7,4.961,5228.1,no,Chris Johnson,ULG4D2AY
33,blue-collar,divorced,basic.9y,unknown,no,no,cellular,jul,tue,889,5,999,0,nonexistent,1.4,93.918,-42.7,4.961,5228.1,yes,Laura Davis,PX5N4FDL
46,housemaid,single,university.degree,unknown,no,yes,cellular,jul,tue,142,3,999,0,nonexistent,1.4,93.918,-42.7,4.961,5228.1,no,Alex Hernandez,7JNURJEO
35,blue-collar,single,basic.9y,unknown,yes,no,cellular,jul,tue,53,5,999,0,nonexistent,1.4,93.918,-42.7,4.961,5228.1,no,Jane Martinez,L8R9H6RZ
40,entrepreneur,married,university.degree,unknown,yes,no,telephone,jun,mon,169,1,999,0,nonexistent,1.4,94.465,-41.8,4.865,5228.1,no,Sarah Miller,JMD0NWJ3
34,blue-collar,married,basic.6y,unknown,yes,no,cellular,may,mon,316,1,999,0,nonexistent,-1.8,92.893,-46.2,1.244,5099.1,no,Sarah Hernandez,AAN4ZA93
38,blue-collar,married,basic.6y,unknown,yes,yes,telephone,may,mon,120,3,999,0,nonexistent,1.1,93.994,-36.4,4.858,5191.0,no,Jane Brown,5VMNOREQ
39,blue-collar,married,basic.4y,unknown,yes,no,telephone,may,mon,335,3,999,0,nonexistent,1.1,93.994,-36.4,4.858,5191.0,no,Katie Miller,0UD8FBRW
41,admin.,married,university.degree,unknown,yes,no,cellular,may,mon,121,5,999,0,nonexistent,-1.8,92.893,-46.2,1.244,5099.1,no,Alex Smith,VSB1CUKQ
44,blue-collar,married,basic.4y,unknown,yes,no,cellular,aug,wed,359,1,999,0,nonexistent,1.4,93.444,-36.1,4.964,5228.1,no,Alex Martinez,BQ6E0M1C
56,blue-collar,single,basic.4y,unknown,no,yes,cellular,nov,tue,307,1,999,0,nonexistent,-0.1,93.2,-42.0,4.153,5195.8,no,Jane Garcia,8R8L7EBQ
31,technician,single,university.degree,unknown,yes,no,cellular,aug,wed,136,1,999,0,nonexistent,1.4,93.444,-36.1,4.964,5228.1,no,Alex Smith,4ML1QFIR
33,blue-collar,married,high.school,unknown,yes,no,cellular,jul,tue,624,6,999,0,nonexistent,1.4,93.918,-42.7,4.961,5228.1,no,Alex Garcia,5Q7N28WR
39,blue-collar,married,basic.6y,unknown,yes,no,cellular,jul,tue,59,5,999,0,nonexistent,1.4,93.918,-42.7,4.961,5228.1,no,Emily Smith,IJ5OGIDB
46,admin.,divorced,high.school,unknown,no,yes,telephone,may,mon,178,5,999,0,nonexistent,1.1,93.994,-36.4,4.858,5191.0,no,Laura Jones,55A5RQJY
50,admin.,married,university.degree,unknown,yes,no,cellular,jul,tue,106,3,999,0,nonexistent,1.4,93.918,-42.7,4.961,5228.1,no,Emily Miller,4RKQHLCS
31,admin.,single,university.degree,unknown,yes,no,cellular,aug,wed,87,1,999,0,nonexistent,1.4,93.444,-36.1,4.964,5228.1,no,Sarah Garcia,2UW4OX07
45,blue-collar,married,basic.9y,unknown,yes,no,telephone,may,mon,48,3,999,0,nonexistent,1.1,93.994,-36.4,4.858,5191.0,no,Chris Davis,K6YER1QJ
56,blue-collar,married,basic.4y,unknown,yes,no,cellular,jul,tue,260,5,999,0,nonexistent,1.4,93.918,-42.7,4.961,5228.1,no,Sarah Johnson,3ODT16FQ
25,blue-collar,married,basic.9y,unknown,yes,no,telephone,jun,mon,283,5,999,0,nonexistent,1.4,94.465,-41.8,4.865,5228.1,no,Emily Williams,W07RKGNZ
55,blue-collar,married,basic.9y,unknown,yes,no,telephone,jun,tue,103,6,999,0,nonexistent,1.4,94.465,-41.8,4.958,5228.1,no,Alex Smith,K7PLVBGE
56,management,married,basic.4y,unknown,yes,no,cellular,jul,tue,673,2,999,0,nonexistent,1.4,93.918,-42.7,4.961,5228.1,no,Michael Johnson,D9RGCMQF
41,technician,single,university.degree,unknown,yes,no,telephone,jun,mon,178,4,999,0,nonexistent,1.4,94.465,-41.8,4.865,5228.1,no,Alex Miller,RHEMLAOL
32,services,married,high.school,unknown,yes,no,cellular,may,mon,126,1,999,0,nonexistent,-1.8,92.893,-46.2,1.244,5099.1,no,Laura Hernandez,JW97YBDU
39,blue-collar,married,basic.4y,unknown,yes,yes,cellular,jul,tue,157,5,999,0,nonexistent,1.4,93.918,-42.7,4.961,5228.1,no,Laura Martinez,ENK2VKXE
32,blue-collar,married,basic.9y,unknown,yes,yes,cellular,may,mon,114,1,999,0,nonexistent,-1.8,92.893,-46.2,1.244,5099.1,no,David Martinez,HULSGNEX
30,admin.,single,university.degree,unknown,yes,no,cellular,may,mon,134,1,999,0,nonexistent,-1.8,92.893,-46.2,1.244,5099.1,no,Katie Hernandez,4NNZZ5UD
37,services,married,high.school,unknown,yes,no,telephone,jun,tue,146,3,999,0,nonexistent,1.4,94.465,-41.8,4.958,5228.1,no,Katie Hernandez,DIMDJ61R
30,admin.,single,university.degree,unknown,yes,no,cellular,may,mon,632,1,999,0,nonexistent,-1.8,92.893,-46.2,1.244,5099.1,no,David Smith,JC4LQ165
49,blue-collar,married,basic.9y,unknown,yes,no,telephone,jun,mon,210,2,999,0,nonexistent,1.4,94.465,-41.8,4.865,5228.1,no,Sarah Garcia,GLM8C5VC
43,self-employed,divorced,university.degree,unknown,yes,no,telephone,jun,tue,363,4,999,0,nonexistent,1.4,94.465,-41.8,4.958,5228.1,no,John Miller,05LRJ7U8
39,unemployed,married,basic.9y,unknown,yes,no,cellular,nov,tue,467,1,999,0,nonexistent,-0.1,93.2,-42.0,4.153,5195.8,no,Jane Hernandez,Q298HM04
39,admin.,single,university.degree,unknown,yes,no,cellular,aug,wed,413,1,999,0,nonexistent,1.4,93.444,-36.1,4.964,5228.1,no,Sarah Miller,9I4XOS62
38,blue-collar,married,basic.9y,unknown,yes,no,telephone,jun,mon,493,3,999,0,nonexistent,1.4,94.465,-41.8,4.865,5228.1,no,Laura Garcia,DIM64LK3
48,technician,divorced,professional.course,unknown,yes,no,cellular,aug,wed,200,1,999,0,nonexistent,1.4,93.444,-36.1,4.964,5228.1,no,David Hernandez,8VK9R60Q
38,blue-collar,married,basic.4y,unknown,yes,no,cellular,may,mon,178,1,999,0,nonexistent,-1.8,92.893,-46.2,1.244,5099.1,no,Michael Davis,OTLBHTDS
45,blue-collar,married,basic.4y,unknown,yes,yes,telephone,may,mon,133,1,999,0,nonexistent,1.1,93.994,-36.4,4.858,5191.0,no,Chris Brown,99IG2GZP
32,blue-collar,married,basic.6y,unknown,yes,no,telephone,may,mon,205,3,999,0,nonexistent,1.1,93.994,-36.4,4.858,5191.0,no,Alex Johnson,MCXNPU9D
59,retired,married,basic.9y,unknown,yes,no,cellular,aug,wed,80,1,999,0,nonexistent,1.4,93.444,-36.1,4.964,5228.1,no,Michael Garcia,LT31KP0K
59,retired,married,university.degree,unknown,no,no,cellular,jul,wed,767,5,999,0,nonexistent,1.4,93.918,-42.7,4.957,5228.1,yes,Jane Martinez,U8NS7E8J
41,admin.,divorced,university.degree,unknown,yes,no,telephone,may,mon,128,1,999,0,nonexistent,1.1,93.994,-36.4,4.858,5191.0,no,Sarah Miller,NVM41XBA
38,admin.,divorced,university.degree,unknown,yes,no,cellular,nov,wed,697,2,999,1,failure,-0.1,93.2,-42.0,4.12,5195.8,no,John Garcia,RNDRO6CE
33,blue-collar,divorced,basic.9y,unknown,yes,yes,cellular,jul,wed,464,3,999,0,nonexistent,1.4,93.918,-42.7,4.957,5228.1,no,Alex Hernandez,CJSIKR9J
29,technician,single,high.school,unknown,yes,no,cellular,aug,wed,158,2,999,0,nonexistent,1.4,93.444,-36.1,4.964,5228.1,no,Laura Hernandez,3T3UN41W
38,blue-collar,married,basic.4y,unknown,yes,no,telephone,jul,wed,31,6,999,0,nonexistent,1.4,93.918,-42.7,4.957,5228.1,no,Chris Jones,1KHYHV5D
33,services,single,university.degree,unknown,no,no,telephone,jun,mon,747,2,999,0,nonexistent,1.4,94.465,-41.8,4.865,5228.1,yes,Laura Martinez,K2K6X8NM
25,blue-collar,single,basic.9y,unknown,yes,no,telephone,may,mon,260,9,999,0,nonexistent,1.1,93.994,-36.4,4.858,5191.0,no,Jane Davis,EO4KT81C
54,self-employed,married,professional.course,unknown,yes,no,cellular,aug,wed,104,1,999,0,nonexistent,1.4,93.444,-36.1,4.964,5228.1,no,Laura Williams,CRM1C6W7
29,services,single,university.degree,unknown,yes,no,telephone,may,mon,78,1,999,0,nonexistent,1.1,93.994,-36.4,4.858,5191.0,no,Alex Jones,55FBCMF7
30,blue-collar,single,basic.9y,unknown,no,yes,telephone,may,mon,36,2,999,0,nonexistent,1.1,93.994,-36.4,4.858,5191.0,no,John Jones,A2HF6FLL
39,services,divorced,high.school,unknown,yes,no,telephone,jun,mon,241,5,999,0,nonexistent,1.4,94.465,-41.8,4.865,5228.1,no,Alex Martinez,D80SS4K7
32,admin.,married,high.school,unknown,yes,no,telephone,may,mon,35,3,999,0,nonexistent,1.1,93.994,-36.4,4.858,5191.0,no,David Martinez,M4JK0F78
48,services,divorced,high.school,unknown,yes,yes,telephone,may,mon,158,2,999,0,nonexistent,1.1,93.994,-36.4,4.858,5191.0,no,Chris Hernandez,DK0A5FYK
50,unemployed,married,basic.4y,unknown,yes,no,telephone,may,mon,272,1,999,0,nonexistent,1.1,93.994,-36.4,4.858,5191.0,no,Sarah Hernandez,2PT67SXR
26,technician,single,professional.course,no,unknown,unknown,cellular,jul,wed,578,1,999,0,nonexistent,1.4,93.918,-42.7,4.957,5228.1,yes,Emily Brown,665C7ARM
45,self-employed,married,basic.6y,unknown,yes,no,cellular,nov,wed,101,1,999,0,nonexistent,-0.1,93.2,-42.0,4.12,5195.8,no,Jane Hernandez,4VFRGEGG
33,blue-collar,married,basic.9y,unknown,yes,no,telephone,jul,wed,164,1,999,0,nonexistent,1.4,93.918,-42.7,4.957,5228.1,no,Michael Smith,HFTQ14C7
49,blue-collar,married,basic.4y,unknown,yes,no,telephone,may,mon,364,1,999,0,nonexistent,1.1,93.994,-36.4,4.858,5191.0,no,Emily Brown,3SEUKJ8N
56,admin.,married,high.school,unknown,yes,no,cellular,jul,wed,298,2,999,0,nonexistent,1.4,93.918,-42.7,4.957,5228.1,no,Emily Martinez,YAZ8X4OK
57,blue-collar,married,basic.4y,unknown,yes,no,cellular,aug,wed,89,1,999,0,nonexistent,1.4,93.444,-36.1,4.964,5228.1,no,Emily Garcia,J7MHX8ZI
37,entrepreneur,divorced,high.school,unknown,yes,no,cellular,jul,wed,276,4,999,0,nonexistent,1.4,93.918,-42.7,4.957,5228.1,no,Jane Hernandez,K005PWZE
50,blue-collar,married,basic.4y,unknown,yes,no,telephone,jul,tue,119,8,999,0,nonexistent,1.4,93.918,-42.7,4.961,5228.1,no,Michael Smith,3FUOYFBS
44,blue-collar,married,basic.9y,unknown,yes,no,telephone,jun,mon,147,1,999,0,nonexistent,1.4,94.465,-41.8,4.865,5228.1,no,Katie Martinez,NEQVRA4G
37,admin.,divorced,university.degree,unknown,yes,no,cellular,may,mon,230,1,999,0,nonexistent,-1.8,92.893,-46.2,1.244,5099.1,no,Laura Johnson,YDER1SWQ
48,admin.,married,basic.9y,unknown,no,yes,telephone,may,mon,70,1,999,0,nonexistent,1.1,93.994,-36.4,4.858,5191.0,no,Emily Martinez,4MICPP9G
40,admin.,married,university.degree,unknown,yes,yes,telephone,may,mon,183,7,999,0,nonexistent,1.1,93.994,-36.4,4.858,5191.0,no,Alex Miller,PC99HMK8
37,admin.,divorced,university.degree,unknown,yes,no,cellular,may,mon,442,1,999,0,nonexistent,-1.8,92.893,-46.2,1.244,5099.1,yes,Chris Williams,K09ZZOSD
57,blue-collar,divorced,basic.6y,unknown,no,no,cellular,jul,tue,632,6,999,0,nonexistent,1.4,93.918,-42.7,4.961,5228.1,yes,Michael Martinez,BKGIYR67
48,services,married,high.school,unknown,yes,yes,telephone,may,mon,115,4,999,0,nonexistent,1.1,93.994,-36.4,4.858,5191.0,no,Sarah Brown,SSARI4CX
53,admin.,married,high.school,unknown,yes,no,cellular,may,mon,181,2,999,0,nonexistent,-1.8,92.893,-46.2,1.354,5099.1,no,Alex Davis,9A8QCHCP
50,blue-collar,married,basic.4y,unknown,no,yes,cellular,jul,tue,231,2,999,0,nonexistent,1.4,93.918,-42.7,4.961,5228.1,no,Katie Jones,EEF5BX4T
35,services,married,professional.course,unknown,yes,yes,telephone,may,mon,361,2,999,0,nonexistent,1.1,93.994,-36.4,4.858,5191.0,no,Jane Brown,I04F84U8
32,management,single,university.degree,unknown,yes,no,cellular,may,mon,61,4,999,1,failure,-1.8,92.893,-46.2,1.244,5099.1,no,Laura Davis,9IFEEMVA
45,blue-collar,married,basic.9y,unknown,no,no,telephone,jun,fri,924,3,999,0,nonexistent,1.4,94.465,-41.8,4.959,5228.1,yes,Alex Jones,ELTEW4ZM
36,blue-collar,married,basic.4y,unknown,yes,no,cellular,jul,tue,87,8,999,0,nonexistent,1.4,93.918,-42.7,4.961,5228.1,no,Alex Jones,UJV95RKO
55,blue-collar,married,basic.4y,unknown,yes,yes,telephone,jun,mon,266,2,999,0,nonexistent,1.4,94.465,-41.8,4.865,5228.1,no,John Garcia,OQ9R8AIL
48,blue-collar,divorced,basic.4y,unknown,yes,no,telephone,jun,mon,163,2,999,0,nonexistent,1.4,94.465,-41.8,4.865,5228.1,no,Alex Smith,D5JF253U
31,services,married,high.school,unknown,no,no,cellular,may,mon,619,6,999,0,nonexistent,-1.8,92.893,-46.2,1.354,5099.1,yes,Chris Brown,6OPGXBQ3
42,services,divorced,high.school,unknown,yes,no,telephone,jun,mon,45,1,999,0,nonexistent,1.4,94.465,-41.8,4.865,5228.1,no,David Jones,P7Z5I3D7
31,admin.,single,high.school,unknown,yes,no,cellular,may,mon,309,1,999,0,nonexistent,-1.8,92.893,-46.2,1.244,5099.1,yes,John Miller,8GTWTZB8
36,blue-collar,married,basic.4y,unknown,yes,no,cellular,may,mon,1027,2,999,0,nonexistent,-1.8,92.893,-46.2,1.244,5099.1,yes,Laura Garcia,ZSWF4CDT
31,technician,single,high.school,unknown,yes,yes,cellular,may,mon,17,6,999,0,nonexistent,-1.8,92.893,-46.2,1.244,5099.1,no,David Miller,ZZ4TQRVY
49,blue-collar,married,basic.4y,unknown,yes,no,cellular,jul,tue,792,4,999,0,nonexistent,1.4,93.918,-42.7,4.961,5228.1,no,Sarah Hernandez,8W70A7B5
40,unemployed,married,basic.4y,unknown,yes,no,telephone,may,tue,146,1,999,0,nonexistent,1.1,93.994,-36.4,4.856,5191.0,no,Jane Smith,KI5UWLQ2
40,admin.,married,professional.course,unknown,yes,no,telephone,may,tue,81,1,999,0,nonexistent,1.1,93.994,-36.4,4.856,5191.0,no,Laura Jones,PS9URXDO
36,admin.,married,high.school,unknown,no,no,cellular,may,mon,899,3,999,0,nonexistent,-1.8,92.893,-46.2,1.244,5099.1,yes,John Garcia,MPWSHL1T
35,student,single,university.degree,unknown,yes,no,telephone,may,tue,280,1,999,0,nonexistent,1.1,93.994,-36.4,4.856,5191.0,no,John Hernandez,8Y4VWFUT
41,entrepreneur,single,university.degree,unknown,yes,no,telephone,may,tue,19,1,999,0,nonexistent,1.1,93.994,-36.4,4.856,5191.0,no,Jane Brown,R6KXSBUF
40,services,single,high.school,unknown,yes,no,telephone,jun,mon,89,1,999,0,nonexistent,1.4,94.465,-41.8,4.865,5228.1,no,Emily Martinez,VWBXZZDV
28,admin.,married,high.school,unknown,yes,yes,cellular,jul,tue,722,3,999,0,nonexistent,1.4,93.918,-42.7,4.961,5228.1,no,Laura Miller,GMEWODIC
52,blue-collar,married,basic.9y,unknown,yes,no,cellular,may,mon,70,3,999,0,nonexistent,-1.8,92.893,-46.2,1.244,5099.1,no,Emily Davis,M55O9OPX
44,admin.,married,university.degree,unknown,yes,yes,telephone,jun,thu,91,4,999,0,nonexistent,1.4,94.465,-41.8,4.955,5228.1,no,Katie Hernandez,0HV7BDM2
52,services,married,high.school,unknown,yes,no,telephone,may,tue,140,1,999,0,nonexistent,1.1,93.994,-36.4,4.856,5191.0,no,Michael Williams,QZ0OISI8
36,admin.,married,high.school,unknown,yes,no,cellular,may,mon,284,2,999,1,failure,-1.8,92.893,-46.2,1.244,5099.1,no,John Johnson,XRAG336S
